image_id,file_name,split
815,804.jpg,train
1801,1782.jpg,train
1548,1529.jpg,train
1438,1419.jpg,train
24,24.jpg,train
693,686.jpg,train
464,464.jpg,train
1313,1294.jpg,train
962,944.jpg,train
2212,2193.jpg,train
374,374.jpg,train
674,668.jpg,train
1190,1171.jpg,train
5,5.jpg,train
1918,1899.jpg,train
1461,1442.jpg,train
1880,1861.jpg,train
1799,1780.jpg,train
2218,2199.jpg,train
207,207.jpg,train
1553,1534.jpg,train
1310,1291.jpg,train
46,46.jpg,train
944,927.jpg,train
1628,1609.jpg,train
2339,2320.jpg,train
893,877.jpg,train
2074,2055.jpg,train
1750,1731.jpg,train
805,794.jpg,train
1636,1617.jpg,train
50,50.jpg,train
92,92.jpg,train
138,138.jpg,train
1719,1700.jpg,train
1713,1694.jpg,train
2,2.jpg,train
2042,2023.jpg,train
1208,1189.jpg,train
589,585.jpg,train
1442,1423.jpg,train
2073,2054.jpg,train
1659,1640.jpg,train
1910,1891.jpg,train
1784,1765.jpg,train
1093,1074.jpg,train
37,37.jpg,train
125,125.jpg,train
740,731.jpg,train
1643,1624.jpg,train
558,556.jpg,train
194,194.jpg,train
2111,2092.jpg,train
1987,1968.jpg,train
942,925.jpg,train
2032,2013.jpg,train
2327,2308.jpg,train
1841,1822.jpg,train
1065,1046.jpg,train
1101,1082.jpg,train
423,423.jpg,train
2186,2167.jpg,train
1834,1815.jpg,train
1546,1527.jpg,train
1691,1672.jpg,train
555,553.jpg,train
253,253.jpg,train
1210,1191.jpg,train
413,413.jpg,train
480,480.jpg,train
2016,1997.jpg,train
1848,1829.jpg,train
1455,1436.jpg,train
1611,1592.jpg,train
2135,2116.jpg,train
2131,2112.jpg,train
353,353.jpg,train
1285,1266.jpg,train
422,422.jpg,train
1702,1683.jpg,train
1290,1271.jpg,train
2054,2035.jpg,train
1786,1767.jpg,train
902,886.jpg,train
1349,1330.jpg,train
1706,1687.jpg,train
703,696.jpg,train
2297,2278.jpg,train
38,38.jpg,train
2205,2186.jpg,train
1585,1566.jpg,train
928,911.jpg,train
1420,1401.jpg,train
1567,1548.jpg,train
2188,2169.jpg,train
1338,1319.jpg,train
2197,2178.jpg,train
2023,2004.jpg,train
1533,1514.jpg,train
879,863.jpg,train
212,212.jpg,train
657,651.jpg,train
1582,1563.jpg,train
1807,1788.jpg,train
355,355.jpg,train
1865,1846.jpg,train
161,161.jpg,train
1221,1202.jpg,train
1108,1089.jpg,train
108,108.jpg,train
364,364.jpg,train
1983,1964.jpg,train
1518,1499.jpg,train
989,971.jpg,train
1555,1536.jpg,train
153,153.jpg,train
1725,1706.jpg,train
1726,1707.jpg,train
468,468.jpg,train
400,400.jpg,train
947,929.jpg,train
1464,1445.jpg,train
1759,1740.jpg,train
1036,1017.jpg,train
776,767.jpg,train
1341,1322.jpg,train
1845,1826.jpg,train
375,375.jpg,train
2346,2327.jpg,train
446,446.jpg,train
946,928.jpg,train
1495,1476.jpg,train
73,73.jpg,train
949,931.jpg,train
1368,1349.jpg,train
2078,2059.jpg,train
743,734.jpg,train
1817,1798.jpg,train
567,564.jpg,train
925,908.jpg,train
1715,1696.jpg,train
1728,1709.jpg,train
216,216.jpg,train
1679,1660.jpg,train
1912,1893.jpg,train
707,700.jpg,train
169,169.jpg,train
1561,1542.jpg,train
1678,1659.jpg,train
2303,2284.jpg,train
529,528.jpg,train
731,723.jpg,train
1646,1627.jpg,train
300,300.jpg,train
1866,1847.jpg,train
1071,1052.jpg,train
1254,1235.jpg,train
2329,2310.jpg,train
1145,1126.jpg,train
2017,1998.jpg,train
1618,1599.jpg,train
2128,2109.jpg,train
1730,1711.jpg,train
1246,1227.jpg,train
525,524.jpg,train
1469,1450.jpg,train
201,201.jpg,train
1277,1258.jpg,train
2272,2253.jpg,train
1257,1238.jpg,train
1041,1022.jpg,train
1264,1245.jpg,train
1788,1769.jpg,train
2190,2171.jpg,train
184,184.jpg,train
646,642.jpg,train
127,127.jpg,train
599,595.jpg,train
1867,1848.jpg,train
1562,1543.jpg,train
1911,1892.jpg,train
1076,1057.jpg,train
1920,1901.jpg,train
251,251.jpg,train
2291,2272.jpg,train
427,427.jpg,train
273,273.jpg,train
959,941.jpg,train
1004,985.jpg,train
403,403.jpg,train
1856,1837.jpg,train
813,802.jpg,train
2185,2166.jpg,train
2007,1988.jpg,train
930,913.jpg,train
625,621.jpg,train
89,89.jpg,train
2154,2135.jpg,train
780,771.jpg,train
2321,2302.jpg,train
746,737.jpg,train
2109,2090.jpg,train
307,307.jpg,train
1887,1868.jpg,train
401,401.jpg,train
1854,1835.jpg,train
1270,1251.jpg,train
1978,1959.jpg,train
1803,1784.jpg,train
1746,1727.jpg,train
629,625.jpg,train
416,416.jpg,train
1976,1957.jpg,train
55,55.jpg,train
429,429.jpg,train
1979,1960.jpg,train
1358,1339.jpg,train
2256,2237.jpg,train
2055,2036.jpg,train
31,31.jpg,train
1853,1834.jpg,train
1419,1400.jpg,train
1569,1550.jpg,train
1683,1664.jpg,train
2239,2220.jpg,train
1601,1582.jpg,train
1470,1451.jpg,train
267,267.jpg,train
2113,2094.jpg,train
1487,1468.jpg,train
1457,1438.jpg,train
651,646.jpg,train
1772,1753.jpg,train
252,252.jpg,train
136,136.jpg,train
1480,1461.jpg,train
308,308.jpg,train
442,442.jpg,train
478,478.jpg,train
829,816.jpg,train
1182,1163.jpg,train
1154,1135.jpg,train
116,116.jpg,train
2210,2191.jpg,train
1613,1594.jpg,train
1454,1435.jpg,train
508,508.jpg,train
732,724.jpg,train
933,916.jpg,train
1591,1572.jpg,train
2112,2093.jpg,train
1931,1912.jpg,train
1699,1680.jpg,train
1850,1831.jpg,train
2132,2113.jpg,train
519,519.jpg,train
65,65.jpg,train
18,18.jpg,train
225,225.jpg,train
376,376.jpg,train
937,920.jpg,train
2330,2311.jpg,train
1204,1185.jpg,train
1787,1768.jpg,train
2133,2114.jpg,train
572,569.jpg,train
1069,1050.jpg,train
1259,1240.jpg,train
1077,1058.jpg,train
335,335.jpg,train
1177,1158.jpg,train
2174,2155.jpg,train
692,685.jpg,train
504,504.jpg,train
1980,1961.jpg,train
1115,1096.jpg,train
229,229.jpg,train
1383,1364.jpg,train
2191,2172.jpg,train
1615,1596.jpg,train
288,288.jpg,train
1844,1825.jpg,train
1174,1155.jpg,train
725,718.jpg,train
334,334.jpg,train
597,593.jpg,train
723,716.jpg,train
990,972.jpg,train
858,843.jpg,train
1237,1218.jpg,train
137,137.jpg,train
266,266.jpg,train
1016,997.jpg,train
747,738.jpg,train
1332,1313.jpg,train
936,919.jpg,train
1936,1917.jpg,train
2030,2011.jpg,train
483,483.jpg,train
1186,1167.jpg,train
445,445.jpg,train
487,487.jpg,train
2000,1981.jpg,train
1223,1204.jpg,train
1189,1170.jpg,train
1448,1429.jpg,train
346,346.jpg,train
1013,994.jpg,train
843,830.jpg,train
2206,2187.jpg,train
1775,1756.jpg,train
1396,1377.jpg,train
2274,2255.jpg,train
1637,1618.jpg,train
1007,988.jpg,train
1202,1183.jpg,train
2326,2307.jpg,train
1206,1187.jpg,train
2027,2008.jpg,train
697,690.jpg,train
2241,2222.jpg,train
151,151.jpg,train
1889,1870.jpg,train
388,388.jpg,train
2296,2277.jpg,train
614,610.jpg,train
1855,1836.jpg,train
381,381.jpg,train
246,246.jpg,train
1278,1259.jpg,train
1573,1554.jpg,train
2065,2046.jpg,train
1798,1779.jpg,train
1609,1590.jpg,train
2337,2318.jpg,train
581,577.jpg,train
833,820.jpg,train
171,171.jpg,train
2077,2058.jpg,train
1736,1717.jpg,train
1370,1351.jpg,train
2024,2005.jpg,train
370,370.jpg,train
577,574.jpg,train
845,831.jpg,train
183,183.jpg,train
2182,2163.jpg,train
2270,2251.jpg,train
2037,2018.jpg,train
2039,2020.jpg,train
1724,1705.jpg,train
1745,1726.jpg,train
1993,1974.jpg,train
200,200.jpg,train
11,11.jpg,train
2053,2034.jpg,train
663,657.jpg,train
1431,1412.jpg,train
1965,1946.jpg,train
1802,1783.jpg,train
35,35.jpg,train
534,532.jpg,train
2143,2124.jpg,train
903,887.jpg,train
2246,2227.jpg,train
1488,1469.jpg,train
1266,1247.jpg,train
214,214.jpg,train
484,484.jpg,train
600,596.jpg,train
1282,1263.jpg,train
315,315.jpg,train
1820,1801.jpg,train
1720,1701.jpg,train
1458,1439.jpg,train
1485,1466.jpg,train
1003,984.jpg,train
1472,1453.jpg,train
806,795.jpg,train
264,264.jpg,train
1214,1195.jpg,train
2120,2101.jpg,train
275,275.jpg,train
1343,1324.jpg,train
1846,1827.jpg,train
1193,1174.jpg,train
33,33.jpg,train
1580,1561.jpg,train
2035,2016.jpg,train
328,328.jpg,train
1357,1338.jpg,train
1581,1562.jpg,train
25,25.jpg,train
1890,1871.jpg,train
585,581.jpg,train
1086,1067.jpg,train
148,148.jpg,train
1415,1396.jpg,train
1796,1777.jpg,train
2240,2221.jpg,train
1194,1175.jpg,train
1226,1207.jpg,train
1335,1316.jpg,train
1327,1308.jpg,train
793,783.jpg,train
1690,1671.jpg,train
10,10.jpg,train
2085,2066.jpg,train
2301,2282.jpg,train
1001,982.jpg,train
530,529.jpg,train
1392,1373.jpg,train
362,362.jpg,train
389,389.jpg,train
1068,1049.jpg,train
1827,1808.jpg,train
1535,1516.jpg,train
763,754.jpg,train
1231,1212.jpg,train
1314,1295.jpg,train
75,75.jpg,train
1858,1839.jpg,train
1635,1616.jpg,train
779,770.jpg,train
1888,1869.jpg,train
736,728.jpg,train
164,164.jpg,train
15,15.jpg,train
1152,1133.jpg,train
458,458.jpg,train
2167,2148.jpg,train
198,198.jpg,train
121,121.jpg,train
1791,1772.jpg,train
477,477.jpg,train
1382,1363.jpg,train
28,28.jpg,train
1245,1226.jpg,train
2229,2210.jpg,train
929,912.jpg,train
1968,1949.jpg,train
1544,1525.jpg,train
774,765.jpg,train
709,702.jpg,train
224,224.jpg,train
1823,1804.jpg,train
1024,1005.jpg,train
2220,2201.jpg,train
231,231.jpg,train
140,140.jpg,train
1839,1820.jpg,train
872,857.jpg,train
985,967.jpg,train
2163,2144.jpg,train
762,753.jpg,train
2224,2205.jpg,train
265,265.jpg,train
540,538.jpg,train
365,365.jpg,train
807,796.jpg,train
1375,1356.jpg,train
2080,2061.jpg,train
659,653.jpg,train
247,247.jpg,train
2222,2203.jpg,train
2001,1982.jpg,train
2298,2279.jpg,train
1735,1716.jpg,train
968,950.jpg,train
310,310.jpg,train
2231,2212.jpg,train
1815,1796.jpg,train
875,860.jpg,train
886,870.jpg,train
1598,1579.jpg,train
1083,1064.jpg,train
258,258.jpg,train
196,196.jpg,train
1769,1750.jpg,train
551,549.jpg,train
1287,1268.jpg,train
2020,2001.jpg,train
2286,2267.jpg,train
2287,2268.jpg,train
1954,1935.jpg,train
1849,1830.jpg,train
189,189.jpg,train
1042,1023.jpg,train
670,664.jpg,train
1977,1958.jpg,train
2146,2127.jpg,train
713,706.jpg,train
1213,1194.jpg,train
722,715.jpg,train
1510,1491.jpg,train
921,904.jpg,train
120,120.jpg,train
966,948.jpg,train
811,800.jpg,train
2193,2174.jpg,train
784,774.jpg,train
758,749.jpg,train
1757,1738.jpg,train
228,228.jpg,train
497,497.jpg,train
122,122.jpg,train
1143,1124.jpg,train
563,561.jpg,train
1298,1279.jpg,train
1050,1031.jpg,train
23,23.jpg,train
1667,1648.jpg,train
170,170.jpg,train
1061,1042.jpg,train
1909,1890.jpg,train
158,158.jpg,train
1064,1045.jpg,train
2184,2165.jpg,train
345,345.jpg,train
2117,2098.jpg,train
801,790.jpg,train
104,104.jpg,train
1762,1743.jpg,train
1947,1928.jpg,train
2025,2006.jpg,train
700,693.jpg,train
786,776.jpg,train
197,197.jpg,train
1462,1443.jpg,train
2290,2271.jpg,train
2038,2019.jpg,train
2098,2079.jpg,train
1664,1645.jpg,train
1417,1398.jpg,train
19,19.jpg,train
979,961.jpg,train
1133,1114.jpg,train
1934,1915.jpg,train
1907,1888.jpg,train
2342,2323.jpg,train
958,940.jpg,train
752,743.jpg,train
2243,2224.jpg,train
1129,1110.jpg,train
835,822.jpg,train
2134,2115.jpg,train
934,917.jpg,train
1432,1413.jpg,train
145,145.jpg,train
734,726.jpg,train
645,641.jpg,train
1556,1537.jpg,train
1203,1184.jpg,train
717,710.jpg,train
1908,1889.jpg,train
97,97.jpg,train
816,805.jpg,train
882,866.jpg,train
343,343.jpg,train
2226,2207.jpg,train
347,347.jpg,train
2320,2301.jpg,train
2317,2298.jpg,train
290,290.jpg,train
825,812.jpg,train
2211,2192.jpg,train
2091,2072.jpg,train
538,536.jpg,train
1453,1434.jpg,train
1657,1638.jpg,train
1100,1081.jpg,train
1898,1879.jpg,train
1676,1657.jpg,train
177,177.jpg,train
1826,1807.jpg,train
1971,1952.jpg,train
352,352.jpg,train
781,772.jpg,train
462,462.jpg,train
1602,1583.jpg,train
871,856.jpg,train
2228,2209.jpg,train
2293,2274.jpg,train
1361,1342.jpg,train
2250,2231.jpg,train
1705,1686.jpg,train
1247,1228.jpg,train
1311,1292.jpg,train
1273,1254.jpg,train
1904,1885.jpg,train
394,394.jpg,train
1215,1196.jpg,train
1045,1026.jpg,train
2307,2288.jpg,train
1136,1117.jpg,train
1414,1395.jpg,train
1509,1490.jpg,train
2076,2057.jpg,train
853,838.jpg,train
1498,1479.jpg,train
648,644.jpg,train
2215,2196.jpg,train
1873,1854.jpg,train
803,792.jpg,train
58,58.jpg,train
1964,1945.jpg,train
1402,1383.jpg,train
2058,2039.jpg,train
1165,1146.jpg,train
70,70.jpg,train
451,451.jpg,train
1072,1053.jpg,train
1127,1108.jpg,train
2004,1985.jpg,train
1515,1496.jpg,train
1708,1689.jpg,train
598,594.jpg,train
2033,2014.jpg,train
1345,1326.jpg,train
506,506.jpg,train
182,182.jpg,train
78,78.jpg,train
836,823.jpg,train
1824,1805.jpg,train
1519,1500.jpg,train
203,203.jpg,train
2183,2164.jpg,train
2258,2239.jpg,train
1265,1246.jpg,train
1002,983.jpg,train
883,867.jpg,train
863,848.jpg,train
358,358.jpg,train
2259,2240.jpg,train
1621,1602.jpg,train
1882,1863.jpg,train
2092,2073.jpg,train
1732,1713.jpg,train
1885,1866.jpg,train
173,173.jpg,train
974,956.jpg,train
1350,1331.jpg,train
767,758.jpg,train
318,318.jpg,train
2278,2259.jpg,train
1095,1076.jpg,train
1229,1210.jpg,train
760,751.jpg,train
608,604.jpg,train
2140,2121.jpg,train
1685,1666.jpg,train
2336,2317.jpg,train
2147,2128.jpg,train
1868,1849.jpg,train
2255,2236.jpg,train
1102,1083.jpg,train
737,729.jpg,train
1492,1473.jpg,train
1400,1381.jpg,train
977,959.jpg,train
1507,1488.jpg,train
1171,1152.jpg,train
1647,1628.jpg,train
428,428.jpg,train
2247,2228.jpg,train
415,415.jpg,train
1511,1492.jpg,train
785,775.jpg,train
1998,1979.jpg,train
840,827.jpg,train
1925,1906.jpg,train
471,471.jpg,train
1130,1111.jpg,train
1590,1571.jpg,train
44,44.jpg,train
1568,1549.jpg,train
1167,1148.jpg,train
812,801.jpg,train
1500,1481.jpg,train
1121,1102.jpg,train
1074,1055.jpg,train
548,546.jpg,train
1099,1080.jpg,train
133,133.jpg,train
180,180.jpg,train
1714,1695.jpg,train
510,510.jpg,train
1224,1205.jpg,train
1339,1320.jpg,train
1579,1560.jpg,train
1734,1715.jpg,train
1329,1310.jpg,train
1963,1944.jpg,train
1542,1523.jpg,train
1320,1301.jpg,train
210,210.jpg,train
2204,2185.jpg,train
2103,2084.jpg,train
1156,1137.jpg,train
405,405.jpg,train
226,226.jpg,train
47,47.jpg,train
1243,1224.jpg,train
2127,2108.jpg,train
542,540.jpg,train
1474,1455.jpg,train
2006,1987.jpg,train
716,709.jpg,train
702,695.jpg,train
2171,2152.jpg,train
114,114.jpg,train
854,839.jpg,train
354,354.jpg,train
1424,1405.jpg,train
1675,1656.jpg,train
753,744.jpg,train
1723,1704.jpg,train
1169,1150.jpg,train
453,453.jpg,train
626,622.jpg,train
1668,1649.jpg,train
1504,1485.jpg,train
1463,1444.jpg,train
1052,1033.jpg,train
2096,2077.jpg,train
84,84.jpg,train
698,691.jpg,train
1781,1762.jpg,train
1443,1424.jpg,train
2265,2246.jpg,train
160,160.jpg,train
927,910.jpg,train
2196,2177.jpg,train
1743,1724.jpg,train
1797,1778.jpg,train
873,858.jpg,train
2276,2257.jpg,train
379,379.jpg,train
1140,1121.jpg,train
350,350.jpg,train
848,834.jpg,train
1423,1404.jpg,train
386,386.jpg,train
1181,1162.jpg,train
870,855.jpg,train
1764,1745.jpg,train
2322,2303.jpg,train
1832,1813.jpg,train
1353,1334.jpg,train
72,72.jpg,train
411,411.jpg,train
775,766.jpg,train
2306,2287.jpg,train
1340,1321.jpg,train
1395,1376.jpg,train
7,7.jpg,train
1085,1066.jpg,train
1688,1669.jpg,train
1180,1161.jpg,train
1919,1900.jpg,train
1228,1209.jpg,train
1875,1856.jpg,train
2178,2159.jpg,train
1742,1723.jpg,train
718,711.jpg,train
681,674.jpg,train
2137,2118.jpg,train
1821,1802.jpg,train
1905,1886.jpg,train
1523,1504.jpg,train
1941,1922.jpg,train
633,629.jpg,train
1253,1234.jpg,train
2142,2123.jpg,train
440,440.jpg,train
232,232.jpg,train
2043,2024.jpg,train
286,286.jpg,train
861,846.jpg,train
2084,2065.jpg,train
823,810.jpg,train
1141,1122.jpg,train
891,875.jpg,train
1996,1977.jpg,train
1938,1919.jpg,train
1173,1154.jpg,train
1021,1002.jpg,train
1297,1278.jpg,train
520,520.jpg,train
1334,1315.jpg,train
1610,1591.jpg,train
1534,1515.jpg,train
320,320.jpg,train
619,615.jpg,train
295,295.jpg,train
1794,1775.jpg,train
856,841.jpg,train
1625,1606.jpg,train
1571,1552.jpg,train
839,826.jpg,train
1949,1930.jpg,train
421,421.jpg,train
1299,1280.jpg,train
1717,1698.jpg,train
338,338.jpg,train
2266,2247.jpg,train
579,576.jpg,train
1134,1115.jpg,train
62,62.jpg,train
1711,1692.jpg,train
1605,1586.jpg,train
382,382.jpg,train
1986,1967.jpg,train
772,763.jpg,train
99,99.jpg,train
443,443.jpg,train
96,96.jpg,train
88,88.jpg,train
983,965.jpg,train
1092,1073.jpg,train
1114,1095.jpg,train
711,704.jpg,train
157,157.jpg,train
2340,2321.jpg,train
1644,1625.jpg,train
2129,2110.jpg,train
1476,1457.jpg,train
1940,1921.jpg,train
1365,1346.jpg,train
98,98.jpg,train
1091,1072.jpg,train
1376,1357.jpg,train
1600,1581.jpg,train
1394,1375.jpg,train
2232,2213.jpg,train
1682,1663.jpg,train
1649,1630.jpg,train
912,895.jpg,train
967,949.jpg,train
221,221.jpg,train
748,739.jpg,train
568,565.jpg,train
1451,1432.jpg,train
2292,2273.jpg,train
1505,1486.jpg,train
118,118.jpg,train
726,719.jpg,train
2309,2290.jpg,train
999,980.jpg,train
441,441.jpg,train
1486,1467.jpg,train
1412,1393.jpg,train
1033,1014.jpg,train
1974,1955.jpg,train
1886,1867.jpg,train
1276,1257.jpg,train
1230,1211.jpg,train
1952,1933.jpg,train
889,873.jpg,train
1430,1411.jpg,train
604,600.jpg,train
1170,1151.jpg,train
644,640.jpg,train
2068,2049.jpg,train
2263,2244.jpg,train
68,68.jpg,train
2175,2156.jpg,train
1330,1311.jpg,train
1852,1833.jpg,train
2269,2250.jpg,train
1192,1173.jpg,train
1005,986.jpg,train
738,730.jpg,train
1520,1501.jpg,train
111,111.jpg,train
1896,1877.jpg,train
437,437.jpg,train
1864,1845.jpg,train
2014,1995.jpg,train
1660,1641.jpg,train
2261,2242.jpg,train
1183,1164.jpg,train
665,659.jpg,train
2238,2219.jpg,train
1697,1678.jpg,train
536,534.jpg,train
2122,2103.jpg,train
1120,1101.jpg,train
814,803.jpg,train
1217,1198.jpg,train
1109,1090.jpg,train
1337,1318.jpg,train
227,227.jpg,train
2202,2183.jpg,train
1070,1051.jpg,train
1777,1758.jpg,train
612,608.jpg,train
2200,2181.jpg,train
371,371.jpg,train
1652,1633.jpg,train
1608,1589.jpg,train
488,488.jpg,train
66,66.jpg,train
773,764.jpg,train
117,117.jpg,train
541,539.jpg,train
2031,2012.jpg,train
769,760.jpg,train
1051,1032.jpg,train
54,54.jpg,train
2271,2252.jpg,train
943,926.jpg,train
2071,2052.jpg,train
332,332.jpg,train
1478,1459.jpg,train
244,244.jpg,train
955,937.jpg,train
1805,1786.jpg,train
367,367.jpg,train
16,16.jpg,train
135,135.jpg,train
2328,2309.jpg,train
1541,1522.jpg,train
1851,1832.jpg,train
113,113.jpg,train
179,179.jpg,train
831,818.jpg,train
257,257.jpg,train
1026,1007.jpg,train
2148,2129.jpg,train
149,149.jpg,train
896,880.jpg,train
1698,1679.jpg,train
1275,1256.jpg,train
615,611.jpg,train
1362,1343.jpg,train
821,808.jpg,train
2164,2145.jpg,train
804,793.jpg,train
1079,1060.jpg,train
1513,1494.jpg,train
907,891.jpg,train
2316,2297.jpg,train
1057,1038.jpg,train
1250,1231.jpg,train
2045,2026.jpg,train
1716,1697.jpg,train
1139,1120.jpg,train
1384,1365.jpg,train
71,71.jpg,train
1422,1403.jpg,train
583,579.jpg,train
975,957.jpg,train
2173,2154.jpg,train
2108,2089.jpg,train
342,342.jpg,train
819,806.jpg,train
1054,1035.jpg,train
22,22.jpg,train
1219,1200.jpg,train
1701,1682.jpg,train
1293,1274.jpg,train
218,218.jpg,train
1893,1874.jpg,train
1429,1410.jpg,train
1163,1144.jpg,train
1813,1794.jpg,train
1944,1925.jpg,train
126,126.jpg,train
195,195.jpg,train
283,283.jpg,train
1894,1875.jpg,train
63,63.jpg,train
1992,1973.jpg,train
2015,1996.jpg,train
2273,2254.jpg,train
1328,1309.jpg,train
377,377.jpg,train
2029,2010.jpg,train
1017,998.jpg,train
1302,1283.jpg,train
1999,1980.jpg,train
2176,2157.jpg,train
1994,1975.jpg,train
1922,1903.jpg,train
455,455.jpg,train
1884,1865.jpg,train
1508,1489.jpg,train
1985,1966.jpg,train
34,34.jpg,train
1046,1027.jpg,train
2169,2150.jpg,train
1178,1159.jpg,train
418,418.jpg,train
635,631.jpg,train
1779,1760.jpg,train
869,854.jpg,train
102,102.jpg,train
1626,1607.jpg,train
425,425.jpg,train
1386,1367.jpg,train
1707,1688.jpg,train
754,745.jpg,train
1029,1010.jpg,train
606,602.jpg,train
430,430.jpg,train
1530,1511.jpg,train
1197,1178.jpg,train
721,714.jpg,train
1843,1824.jpg,train
1722,1703.jpg,train
1792,1773.jpg,train
2069,2050.jpg,train
465,465.jpg,train
1439,1420.jpg,train
139,139.jpg,train
553,551.jpg,train
1496,1477.jpg,train
1322,1303.jpg,train
100,100.jpg,train
119,119.jpg,train
505,505.jpg,train
1989,1970.jpg,train
628,624.jpg,train
77,77.jpg,train
93,93.jpg,train
287,287.jpg,train
239,239.jpg,train
1295,1276.jpg,train
1119,1100.jpg,train
969,951.jpg,train
130,130.jpg,train
1483,1464.jpg,train
678,672.jpg,train
52,52.jpg,train
984,966.jpg,train
1405,1386.jpg,train
1577,1558.jpg,train
770,761.jpg,train
1196,1177.jpg,train
2005,1986.jpg,train
764,755.jpg,train
1283,1264.jpg,train
254,254.jpg,train
1607,1588.jpg,train
1251,1232.jpg,train
822,809.jpg,train
1089,1070.jpg,train
1305,1286.jpg,train
827,814.jpg,train
1390,1371.jpg,train
289,289.jpg,train
1995,1976.jpg,train
1331,1312.jpg,train
1547,1528.jpg,train
1176,1157.jpg,train
1532,1513.jpg,train
2285,2266.jpg,train
528,527.jpg,train
337,337.jpg,train
1656,1637.jpg,train
1047,1028.jpg,train
759,750.jpg,train
271,271.jpg,train
412,412.jpg,train
360,360.jpg,train
1634,1615.jpg,train
1623,1604.jpg,train
1110,1091.jpg,train
185,185.jpg,train
270,270.jpg,train
757,748.jpg,train
69,69.jpg,train
1969,1950.jpg,train
637,633.jpg,train
81,81.jpg,train
199,199.jpg,train
2097,2078.jpg,train
514,514.jpg,train
1870,1851.jpg,train
2195,2176.jpg,train
730,722.jpg,train
472,472.jpg,train
591,587.jpg,train
1037,1018.jpg,train
101,101.jpg,train
2052,2033.jpg,train
1709,1690.jpg,train
824,811.jpg,train
45,45.jpg,train
609,605.jpg,train
1836,1817.jpg,train
745,736.jpg,train
792,782.jpg,train
486,486.jpg,train
1847,1828.jpg,train
1009,990.jpg,train
2304,2285.jpg,train
1783,1764.jpg,train
623,619.jpg,train
1831,1812.jpg,train
1317,1298.jpg,train
885,869.jpg,train
617,613.jpg,train
1881,1862.jpg,train
1809,1790.jpg,train
1406,1387.jpg,train
2267,2248.jpg,train
1584,1565.jpg,train
1526,1507.jpg,train
1997,1978.jpg,train
524,523.jpg,train
2003,1984.jpg,train
521,521.jpg,train
963,945.jpg,train
476,476.jpg,train
294,294.jpg,train
1039,1020.jpg,train
494,494.jpg,train
1927,1908.jpg,train
162,162.jpg,train
1307,1288.jpg,train
349,349.jpg,train
369,369.jpg,train
1289,1270.jpg,train
1467,1448.jpg,train
501,501.jpg,train
299,299.jpg,train
899,883.jpg,train
777,768.jpg,train
744,735.jpg,train
605,601.jpg,train
115,115.jpg,train
671,665.jpg,train
1780,1761.jpg,train
2026,2007.jpg,train
2048,2029.jpg,train
341,341.jpg,train
926,909.jpg,train
2116,2097.jpg,train
202,202.jpg,train
905,889.jpg,train
186,186.jpg,train
1437,1418.jpg,train
593,589.jpg,train
1704,1685.jpg,train
1606,1587.jpg,train
1988,1969.jpg,train
1128,1109.jpg,train
1741,1722.jpg,train
654,649.jpg,train
789,779.jpg,train
2236,2217.jpg,train
1906,1887.jpg,train
1323,1304.jpg,train
2221,2202.jpg,train
701,694.jpg,train
2260,2241.jpg,train
1418,1399.jpg,train
1366,1347.jpg,train
2162,2143.jpg,train
855,840.jpg,train
296,296.jpg,train
32,32.jpg,train
1234,1215.jpg,train
1097,1078.jpg,train
205,205.jpg,train
919,902.jpg,train
1440,1421.jpg,train
687,680.jpg,train
1048,1029.jpg,train
1425,1406.jpg,train
1284,1265.jpg,train
1793,1774.jpg,train
312,312.jpg,train
802,791.jpg,train
791,781.jpg,train
2130,2111.jpg,train
658,652.jpg,train
90,90.jpg,train
857,842.jpg,train
1531,1512.jpg,train
1695,1676.jpg,train
1191,1172.jpg,train
1710,1691.jpg,train
2159,2140.jpg,train
1961,1942.jpg,train
1773,1754.jpg,train
782,773.jpg,train
2061,2042.jpg,train
1367,1348.jpg,train
2044,2025.jpg,train
714,707.jpg,train
1767,1748.jpg,train
1123,1104.jpg,train
2348,2329.jpg,train
305,305.jpg,train
2284,2265.jpg,train
2189,2170.jpg,train
2149,2130.jpg,train
1355,1336.jpg,train
1364,1345.jpg,train
550,548.jpg,train
1059,1040.jpg,train
704,697.jpg,train
1731,1712.jpg,train
1497,1478.jpg,train
1903,1884.jpg,train
280,280.jpg,train
1060,1041.jpg,train
391,391.jpg,train
797,786.jpg,train
297,297.jpg,train
1252,1233.jpg,train
954,936.jpg,train
1516,1497.jpg,train
986,968.jpg,train
1008,989.jpg,train
866,851.jpg,train
562,560.jpg,train
1062,1043.jpg,train
602,598.jpg,train
1267,1248.jpg,train
316,316.jpg,train
2123,2104.jpg,train
1631,1612.jpg,train
2101,2082.jpg,train
1344,1325.jpg,train
1479,1460.jpg,train
850,836.jpg,train
1984,1965.jpg,train
1450,1431.jpg,train
1148,1129.jpg,train
2323,2304.jpg,train
325,325.jpg,train
491,491.jpg,train
1653,1634.jpg,train
1744,1725.jpg,train
1712,1693.jpg,train
2063,2044.jpg,train
594,590.jpg,train
269,269.jpg,train
1144,1125.jpg,train
2153,2134.jpg,train
2028,2009.jpg,train
2235,2216.jpg,train
1902,1883.jpg,train
1040,1021.jpg,train
750,741.jpg,train
1081,1062.jpg,train
385,385.jpg,train
1776,1757.jpg,train
862,847.jpg,train
965,947.jpg,train
1686,1667.jpg,train
2311,2292.jpg,train
1073,1054.jpg,train
841,828.jpg,train
2208,2189.jpg,train
669,663.jpg,train
1616,1597.jpg,train
2102,2083.jpg,train
181,181.jpg,train
1624,1605.jpg,train
76,76.jpg,train
2350,2331.jpg,train
1408,1389.jpg,train
1356,1337.jpg,train
1034,1015.jpg,train
1939,1920.jpg,train
683,676.jpg,train
330,330.jpg,train
215,215.jpg,train
664,658.jpg,train
690,683.jpg,train
1761,1742.jpg,train
720,713.jpg,train
1812,1793.jpg,train
187,187.jpg,train
2121,2102.jpg,train
1935,1916.jpg,train
1218,1199.jpg,train
372,372.jpg,train
2119,2100.jpg,train
1808,1789.jpg,train
1082,1063.jpg,train
1755,1736.jpg,train
359,359.jpg,train
1604,1585.jpg,train
2126,2107.jpg,train
554,552.jpg,train
43,43.jpg,train
2233,2214.jpg,train
1770,1751.jpg,train
469,469.jpg,train
2302,2283.jpg,train
1575,1556.jpg,train
513,513.jpg,train
1256,1237.jpg,train
1521,1502.jpg,train
901,885.jpg,train
1973,1954.jpg,train
1244,1225.jpg,train
165,165.jpg,train
914,897.jpg,train
1031,1012.jpg,train
2280,2261.jpg,train
1044,1025.jpg,train
2057,2038.jpg,train
1838,1819.jpg,train
1399,1380.jpg,train
978,960.jpg,train
255,255.jpg,train
2279,2260.jpg,train
596,592.jpg,train
1948,1929.jpg,train
1238,1219.jpg,train
634,630.jpg,train
340,340.jpg,train
2341,2322.jpg,train
147,147.jpg,train
292,292.jpg,train
547,545.jpg,train
1401,1382.jpg,train
2157,2138.jpg,train
1135,1116.jpg,train
236,236.jpg,train
2155,2136.jpg,train
406,406.jpg,train
1677,1658.jpg,train
1300,1281.jpg,train
2172,2153.jpg,train
479,479.jpg,train
146,146.jpg,train
2060,2041.jpg,train
1694,1675.jpg,train
595,591.jpg,train
475,475.jpg,train
67,67.jpg,train
601,597.jpg,train
981,963.jpg,train
1236,1217.jpg,train
1739,1720.jpg,train
1840,1821.jpg,train
6,6.jpg,train
321,321.jpg,train
154,154.jpg,train
1150,1131.jpg,train
356,356.jpg,train
2093,2074.jpg,train
322,322.jpg,train
167,167.jpg,train
1372,1353.jpg,train
2056,2037.jpg,train
433,433.jpg,train
1301,1282.jpg,train
426,426.jpg,train
204,204.jpg,train
1268,1249.jpg,train
124,124.jpg,train
1959,1940.jpg,train
1184,1165.jpg,train
1916,1897.jpg,train
895,879.jpg,train
1225,1206.jpg,train
613,609.jpg,train
1733,1714.jpg,train
940,923.jpg,train
2094,2075.jpg,train
1090,1071.jpg,train
463,463.jpg,train
1286,1267.jpg,train
1499,1480.jpg,train
1876,1857.jpg,train
868,853.jpg,train
1162,1143.jpg,train
243,243.jpg,train
1933,1914.jpg,train
175,175.jpg,train
1819,1800.jpg,train
1172,1153.jpg,train
1990,1971.jpg,train
311,311.jpg,train
110,110.jpg,train
1771,1752.jpg,train
1201,1182.jpg,train
152,152.jpg,train
1027,1008.jpg,train
834,821.jpg,train
134,134.jpg,train
234,234.jpg,train
998,979.jpg,train
518,518.jpg,train
106,106.jpg,train
378,378.jpg,train
2305,2286.jpg,train
2179,2160.jpg,train
2209,2190.jpg,train
980,962.jpg,train
587,583.jpg,train
1195,1176.jpg,train
1545,1526.jpg,train
2199,2180.jpg,train
1482,1463.jpg,train
1326,1307.jpg,train
1595,1576.jpg,train
603,599.jpg,train
1537,1518.jpg,train
112,112.jpg,train
94,94.jpg,train
564,562.jpg,train
260,260.jpg,train
1642,1623.jpg,train
29,29.jpg,train
2059,2040.jpg,train
1945,1926.jpg,train
749,740.jpg,train
466,466.jpg,train
611,607.jpg,train
2158,2139.jpg,train
2105,2086.jpg,train
584,580.jpg,train
2223,2204.jpg,train
1094,1075.jpg,train
1227,1208.jpg,train
2012,1993.jpg,train
1011,992.jpg,train
444,444.jpg,train
1833,1814.jpg,train
2319,2300.jpg,train
1433,1414.jpg,train
1117,1098.jpg,train
245,245.jpg,train
652,647.jpg,train
395,395.jpg,train
1758,1739.jpg,train
473,473.jpg,train
2214,2195.jpg,train
1473,1454.jpg,train
557,555.jpg,train
948,930.jpg,train
1459,1440.jpg,train
1670,1651.jpg,train
2161,2142.jpg,train
1147,1128.jpg,train
888,872.jpg,train
712,705.jpg,train
2332,2313.jpg,train
2036,2017.jpg,train
1594,1575.jpg,train
1586,1567.jpg,train
1211,1192.jpg,train
1795,1776.jpg,train
632,628.jpg,train
499,499.jpg,train
1436,1417.jpg,train
2138,2119.jpg,train
454,454.jpg,train
607,603.jpg,train
191,191.jpg,train
36,36.jpg,train
935,918.jpg,train
1025,1006.jpg,train
1477,1458.jpg,train
1342,1323.jpg,train
994,976.jpg,train
1565,1546.jpg,train
493,493.jpg,train
1157,1138.jpg,train
2022,2003.jpg,train
1960,1941.jpg,train
495,495.jpg,train
176,176.jpg,train
392,392.jpg,train
1078,1059.jpg,train
21,21.jpg,train
2295,2276.jpg,train
569,566.jpg,train
1929,1910.jpg,train
1240,1221.jpg,train
576,573.jpg,train
705,698.jpg,train
531,530.jpg,train
735,727.jpg,train
435,435.jpg,train
1018,999.jpg,train
2019,2000.jpg,train
672,666.jpg,train
1765,1746.jpg,train
59,59.jpg,train
1651,1632.jpg,train
1620,1601.jpg,train
1388,1369.jpg,train
1269,1250.jpg,train
1187,1168.jpg,train
1740,1721.jpg,train
1763,1744.jpg,train
941,924.jpg,train
2312,2293.jpg,train
2313,2294.jpg,train
503,503.jpg,train
667,661.jpg,train
552,550.jpg,train
1233,1214.jpg,train
1517,1498.jpg,train
2257,2238.jpg,train
1589,1570.jpg,train
1010,991.jpg,train
1665,1646.jpg,train
1281,1262.jpg,train
556,554.jpg,train
1352,1333.jpg,train
2087,2068.jpg,train
1522,1503.jpg,train
2018,1999.jpg,train
2110,2091.jpg,train
314,314.jpg,train
1468,1449.jpg,train
960,942.jpg,train
1321,1302.jpg,train
751,742.jpg,train
904,888.jpg,train
217,217.jpg,train
2349,2330.jpg,train
1681,1662.jpg,train
26,26.jpg,train
706,699.jpg,train
1346,1327.jpg,train
1056,1037.jpg,train
142,142.jpg,train
768,759.jpg,train
1374,1355.jpg,train
1633,1614.jpg,train
1111,1092.jpg,train
719,712.jpg,train
85,85.jpg,train
1179,1160.jpg,train
248,248.jpg,train
1249,1230.jpg,train
1421,1402.jpg,train
622,618.jpg,train
1837,1818.jpg,train
209,209.jpg,train
498,498.jpg,train
2345,2326.jpg,train
1434,1415.jpg,train
1639,1620.jpg,train
156,156.jpg,train
407,407.jpg,train
1484,1465.jpg,train
826,813.jpg,train
778,769.jpg,train
1829,1810.jpg,train
1674,1655.jpg,train
643,639.jpg,train
53,53.jpg,train
2300,2281.jpg,train
2047,2028.jpg,train
642,638.jpg,train
2090,2071.jpg,train
1592,1573.jpg,train
1768,1749.jpg,train
2237,2218.jpg,train
1263,1244.jpg,train
1260,1241.jpg,train
344,344.jpg,train
765,756.jpg,train
526,525.jpg,train
1452,1433.jpg,train
1810,1791.jpg,train
447,447.jpg,train
1638,1619.jpg,train
2106,2087.jpg,train
2242,2223.jpg,train
1943,1924.jpg,train
259,259.jpg,train
489,489.jpg,train
2050,2031.jpg,train
1292,1273.jpg,train
42,42.jpg,train
1921,1902.jpg,train
2114,2095.jpg,train
64,64.jpg,train
1564,1545.jpg,train
83,83.jpg,train
1354,1335.jpg,train
141,141.jpg,train
1351,1332.jpg,train
460,460.jpg,train
1917,1898.jpg,train
107,107.jpg,train
1124,1105.jpg,train
1958,1939.jpg,train
40,40.jpg,train
1923,1904.jpg,train
168,168.jpg,train
517,517.jpg,train
880,864.jpg,train
1560,1541.jpg,train
573,570.jpg,train
1627,1608.jpg,train
1578,1559.jpg,train
699,692.jpg,train
2283,2264.jpg,train
950,932.jpg,train
434,434.jpg,train
677,671.jpg,train
1962,1943.jpg,train
535,533.jpg,train
1895,1876.jpg,train
2251,2232.jpg,train
964,946.jpg,train
278,278.jpg,train
2166,2147.jpg,train
1336,1317.jpg,train
172,172.jpg,train
2082,2063.jpg,train
1377,1358.jpg,train
1175,1156.jpg,train
1232,1213.jpg,train
820,807.jpg,train
56,56.jpg,train
2288,2269.jpg,train
1294,1275.jpg,train
1981,1962.jpg,train
976,958.jpg,train
339,339.jpg,train
1503,1484.jpg,train
842,829.jpg,train
1410,1391.jpg,train
1389,1370.jpg,train
696,689.jpg,train
808,797.jpg,train
60,60.jpg,val
1014,995.jpg,val
910,893.jpg,val
561,559.jpg,val
2249,2230.jpg,val
1019,1000.jpg,val
452,452.jpg,val
1255,1236.jpg,val
1951,1932.jpg,val
1138,1119.jpg,val
1524,1505.jpg,val
1550,1531.jpg,val
1872,1853.jpg,val
2289,2270.jpg,val
810,799.jpg,val
1563,1544.jpg,val
616,612.jpg,val
729,721.jpg,val
13,13.jpg,val
995,977.jpg,val
2144,2125.jpg,val
1199,1180.jpg,val
1587,1568.jpg,val
41,41.jpg,val
1444,1425.jpg,val
1216,1197.jpg,val
2244,2225.jpg,val
809,798.jpg,val
876,861.jpg,val
424,424.jpg,val
128,128.jpg,val
867,852.jpg,val
973,955.jpg,val
1131,1112.jpg,val
685,678.jpg,val
849,835.jpg,val
865,850.jpg,val
2275,2256.jpg,val
439,439.jpg,val
1466,1447.jpg,val
313,313.jpg,val
1441,1422.jpg,val
2145,2126.jpg,val
474,474.jpg,val
2136,2117.jpg,val
2203,2184.jpg,val
166,166.jpg,val
1126,1107.jpg,val
661,655.jpg,val
695,688.jpg,val
559,557.jpg,val
481,481.jpg,val
2264,2245.jpg,val
1481,1462.jpg,val
159,159.jpg,val
918,901.jpg,val
566,563.jpg,val
490,490.jpg,val
1303,1284.jpg,val
1012,993.jpg,val
1087,1068.jpg,val
1612,1593.jpg,val
1588,1569.jpg,val
571,568.jpg,val
1325,1306.jpg,val
507,507.jpg,val
1559,1540.jpg,val
533,531.jpg,val
939,922.jpg,val
991,973.jpg,val
1543,1524.jpg,val
326,326.jpg,val
931,914.jpg,val
1822,1803.jpg,val
1721,1702.jpg,val
2072,2053.jpg,val
1053,1034.jpg,val
2104,2085.jpg,val
1689,1670.jpg,val
1274,1255.jpg,val
924,907.jpg,val
1566,1547.jpg,val
656,650.jpg,val
1239,1220.jpg,val
1164,1145.jpg,val
2083,2064.jpg,val
2051,2032.jpg,val
2141,2122.jpg,val
1661,1642.jpg,val
274,274.jpg,val
953,935.jpg,val
2150,2131.jpg,val
511,511.jpg,val
1161,1142.jpg,val
2351,2332.jpg,val
970,952.jpg,val
1080,1061.jpg,val
1445,1426.jpg,val
1666,1647.jpg,val
361,361.jpg,val
449,449.jpg,val
2268,2249.jpg,val
1614,1595.jpg,val
219,219.jpg,val
1597,1578.jpg,val
1557,1538.jpg,val
12,12.jpg,val
2315,2296.jpg,val
1363,1344.jpg,val
303,303.jpg,val
500,500.jpg,val
2075,2056.jpg,val
1032,1013.jpg,val
798,787.jpg,val
1446,1427.jpg,val
1491,1472.jpg,val
399,399.jpg,val
1198,1179.jpg,val
1309,1290.jpg,val
864,849.jpg,val
951,933.jpg,val
150,150.jpg,val
1593,1574.jpg,val
1760,1741.jpg,val
1271,1252.jpg,val
992,974.jpg,val
502,502.jpg,val
95,95.jpg,val
1946,1927.jpg,val
302,302.jpg,val
408,408.jpg,val
1863,1844.jpg,val
461,461.jpg,val
640,636.jpg,val
1397,1378.jpg,val
482,482.jpg,val
1558,1539.jpg,val
1696,1677.jpg,val
192,192.jpg,val
694,687.jpg,val
1288,1269.jpg,val
1316,1297.jpg,val
1379,1360.jpg,val
1075,1056.jpg,val
586,582.jpg,val
174,174.jpg,val
1369,1350.jpg,val
348,348.jpg,val
1527,1508.jpg,val
1975,1956.jpg,val
1645,1626.jpg,val
988,970.jpg,val
1066,1047.jpg,val
438,438.jpg,val
1403,1384.jpg,val
923,906.jpg,val
2002,1983.jpg,val
2338,2319.jpg,val
666,660.jpg,val
1360,1341.jpg,val
1262,1243.jpg,val
1207,1188.jpg,val
1629,1610.jpg,val
1982,1963.jpg,val
1970,1951.jpg,val
592,588.jpg,val
627,623.jpg,val
1,1.jpg,val
2062,2043.jpg,val
1142,1123.jpg,val
846,832.jpg,val
621,617.jpg,val
1185,1166.jpg,val
1280,1261.jpg,val
2344,2325.jpg,val
1552,1533.jpg,val
1407,1388.jpg,val
787,777.jpg,val
1381,1362.jpg,val
877,862.jpg,val
393,393.jpg,val
2245,2226.jpg,val
2049,2030.jpg,val
610,606.jpg,val
1447,1428.jpg,val
838,825.jpg,val
675,669.jpg,val
2086,2067.jpg,val
1967,1948.jpg,val
638,634.jpg,val
1058,1039.jpg,val
620,616.jpg,val
1494,1475.jpg,val
256,256.jpg,val
1756,1737.jpg,val
2046,2027.jpg,val
2230,2211.jpg,val
2217,2198.jpg,val
2198,2179.jpg,val
1380,1361.jpg,val
144,144.jpg,val
900,884.jpg,val
755,746.jpg,val
2151,2132.jpg,val
1393,1374.jpg,val
1529,1510.jpg,val
1539,1520.jpg,val
1493,1474.jpg,val
1426,1407.jpg,val
1122,1103.jpg,val
1671,1652.jpg,val
1084,1065.jpg,val
4,4.jpg,val
2294,2275.jpg,val
2156,2137.jpg,val
2011,1992.jpg,val
522,522.jpg,val
390,390.jpg,val
1200,1181.jpg,val
1862,1843.jpg,val
800,789.jpg,val
1891,1872.jpg,val
1067,1048.jpg,val
1261,1242.jpg,val
911,894.jpg,val
647,643.jpg,val
1630,1611.jpg,val
1512,1493.jpg,val
715,708.jpg,val
906,890.jpg,val
1241,1222.jpg,val
223,223.jpg,val
79,79.jpg,val
546,544.jpg,val
1209,1190.jpg,val
366,366.jpg,val
537,535.jpg,val
1816,1797.jpg,val
2040,2021.jpg,val
57,57.jpg,val
686,679.jpg,val
1118,1099.jpg,val
1747,1728.jpg,val
1411,1392.jpg,val
832,819.jpg,val
1063,1044.jpg,val
1333,1314.jpg,val
728,720.jpg,val
2262,2243.jpg,val
1603,1584.jpg,val
143,143.jpg,val
1953,1934.jpg,val
574,571.jpg,val
679,673.jpg,val
830,817.jpg,val
396,396.jpg,val
1371,1352.jpg,val
49,49.jpg,val
2234,2215.jpg,val
467,467.jpg,val
1804,1785.jpg,val
1648,1629.jpg,val
1700,1681.jpg,val
630,626.jpg,val
724,717.jpg,val
2180,2161.jpg,val
1900,1881.jpg,val
1692,1673.jpg,val
409,409.jpg,val
456,456.jpg,val
2095,2076.jpg,val
1778,1759.jpg,val
2213,2194.jpg,val
1806,1787.jpg,val
794,784.jpg,val
2152,2133.jpg,val
1456,1437.jpg,val
1632,1613.jpg,val
2299,2280.jpg,val
549,547.jpg,val
509,509.jpg,val
1950,1931.jpg,val
1525,1506.jpg,val
1789,1770.jpg,val
1391,1372.jpg,val
2124,2105.jpg,val
859,844.jpg,val
1926,1907.jpg,val
1622,1603.jpg,val
688,681.jpg,val
2282,2263.jpg,val
1528,1509.jpg,val
368,368.jpg,val
51,51.jpg,val
860,845.jpg,val
1825,1806.jpg,val
363,363.jpg,val
1680,1661.jpg,val
1658,1639.jpg,val
333,333.jpg,val
1790,1771.jpg,val
485,485.jpg,val
1924,1905.jpg,val
1915,1896.jpg,val
317,317.jpg,val
1554,1535.jpg,val
1291,1272.jpg,val
847,833.jpg,val
1811,1792.jpg,val
1830,1811.jpg,val
1166,1147.jpg,val
1617,1598.jpg,val
733,725.jpg,val
211,211.jpg,val
1385,1366.jpg,val
2310,2291.jpg,val
1416,1397.jpg,val
431,431.jpg,val
742,733.jpg,val
1860,1841.jpg,val
82,82.jpg,val
1782,1763.jpg,val
1650,1631.jpg,val
1930,1911.jpg,val
1861,1842.jpg,val
756,747.jpg,val
636,632.jpg,val
86,86.jpg,val
262,262.jpg,val
897,881.jpg,val
304,304.jpg,val
1151,1132.jpg,val
1212,1193.jpg,val
2066,2047.jpg,val
1729,1710.jpg,val
74,74.jpg,val
1137,1118.jpg,val
306,306.jpg,val
1871,1852.jpg,val
1435,1416.jpg,val
1828,1809.jpg,val
1955,1936.jpg,val
155,155.jpg,val
2277,2258.jpg,val
20,20.jpg,val
1168,1149.jpg,val
2170,2151.jpg,val
1465,1446.jpg,val
1149,1130.jpg,val
922,905.jpg,val
1538,1519.jpg,test
331,331.jpg,test
2081,2062.jpg,test
1324,1305.jpg,test
268,268.jpg,test
1599,1580.jpg,test
691,684.jpg,test
8,8.jpg,test
91,91.jpg,test
2254,2235.jpg,test
1718,1699.jpg,test
2194,2175.jpg,test
1319,1300.jpg,test
190,190.jpg,test
105,105.jpg,test
2115,2096.jpg,test
1879,1860.jpg,test
1874,1855.jpg,test
515,515.jpg,test
2067,2048.jpg,test
1055,1036.jpg,test
543,541.jpg,test
1766,1747.jpg,test
1318,1299.jpg,test
1427,1408.jpg,test
417,417.jpg,test
710,703.jpg,test
1489,1470.jpg,test
432,432.jpg,test
1258,1239.jpg,test
582,578.jpg,test
560,558.jpg,test
319,319.jpg,test
1153,1134.jpg,test
1540,1521.jpg,test
220,220.jpg,test
1842,1823.jpg,test
237,237.jpg,test
2165,2146.jpg,test
276,276.jpg,test
1818,1799.jpg,test
1942,1923.jpg,test
213,213.jpg,test
1378,1359.jpg,test
1928,1909.jpg,test
618,614.jpg,test
1155,1136.jpg,test
1693,1674.jpg,test
1387,1368.jpg,test
17,17.jpg,test
2314,2295.jpg,test
1359,1340.jpg,test
1672,1653.jpg,test
2333,2314.jpg,test
2034,2015.jpg,test
1272,1253.jpg,test
624,620.jpg,test
1460,1441.jpg,test
1132,1113.jpg,test
1727,1708.jpg,test
915,898.jpg,test
324,324.jpg,test
588,584.jpg,test
766,757.jpg,test
1020,1001.jpg,test
282,282.jpg,test
1449,1430.jpg,test
545,543.jpg,test
2118,2099.jpg,test
890,874.jpg,test
301,301.jpg,test
410,410.jpg,test
1897,1878.jpg,test
39,39.jpg,test
298,298.jpg,test
2088,2069.jpg,test
1892,1873.jpg,test
1248,1229.jpg,test
539,537.jpg,test
1641,1622.jpg,test
1107,1088.jpg,test
997,978.jpg,test
1306,1287.jpg,test
852,837.jpg,test
1088,1069.jpg,test
1315,1296.jpg,test
1737,1718.jpg,test
336,336.jpg,test
163,163.jpg,test
1028,1009.jpg,test
492,492.jpg,test
1673,1654.jpg,test
982,964.jpg,test
279,279.jpg,test
281,281.jpg,test
771,762.jpg,test
329,329.jpg,test
2100,2081.jpg,test
233,233.jpg,test
650,645.jpg,test
2079,2060.jpg,test
1972,1953.jpg,test
206,206.jpg,test
235,235.jpg,test
1304,1285.jpg,test
250,250.jpg,test
240,240.jpg,test
909,892.jpg,test
1235,1216.jpg,test
788,778.jpg,test
639,635.jpg,test
2013,1994.jpg,test
1752,1733.jpg,test
1188,1169.jpg,test
1883,1864.jpg,test
1106,1087.jpg,test
1619,1600.jpg,test
9,9.jpg,test
1572,1553.jpg,test
682,675.jpg,test
241,241.jpg,test
1662,1643.jpg,test
892,876.jpg,test
1991,1972.jpg,test
2009,1990.jpg,test
1684,1665.jpg,test
689,682.jpg,test
987,969.jpg,test
383,383.jpg,test
61,61.jpg,test
208,208.jpg,test
402,402.jpg,test
1835,1816.jpg,test
309,309.jpg,test
1043,1024.jpg,test
1914,1895.jpg,test
2168,2149.jpg,test
761,752.jpg,test
2343,2324.jpg,test
578,575.jpg,test
1857,1838.jpg,test
2160,2141.jpg,test
795,785.jpg,test
1038,1019.jpg,test
448,448.jpg,test
1409,1390.jpg,test
1669,1650.jpg,test
249,249.jpg,test
404,404.jpg,test
222,222.jpg,test
1932,1913.jpg,test
1703,1684.jpg,test
1754,1735.jpg,test
1471,1452.jpg,test
1785,1766.jpg,test
398,398.jpg,test
387,387.jpg,test
790,780.jpg,test
1687,1668.jpg,test
1957,1938.jpg,test
1015,996.jpg,test
1956,1937.jpg,test
544,542.jpg,test
894,878.jpg,test
2008,1989.jpg,test
1160,1141.jpg,test
993,975.jpg,test
2125,2106.jpg,test
2177,2158.jpg,test
1373,1354.jpg,test
129,129.jpg,test
277,277.jpg,test
956,938.jpg,test
242,242.jpg,test
291,291.jpg,test
30,30.jpg,test
2331,2312.jpg,test
961,943.jpg,test
87,87.jpg,test
1404,1385.jpg,test
263,263.jpg,test
938,921.jpg,test
1035,1016.jpg,test
496,496.jpg,test
1869,1850.jpg,test
2139,2120.jpg,test
1814,1795.jpg,test
1549,1530.jpg,test
1654,1635.jpg,test
1296,1277.jpg,test
837,824.jpg,test
884,868.jpg,test
1753,1734.jpg,test
2181,2162.jpg,test
1105,1086.jpg,test
684,677.jpg,test
1966,1947.jpg,test
527,526.jpg,test
516,516.jpg,test
2201,2182.jpg,test
284,284.jpg,test
2010,1991.jpg,test
351,351.jpg,test
2308,2289.jpg,test
1006,987.jpg,test
238,238.jpg,test
1000,981.jpg,test
1279,1260.jpg,test
1506,1487.jpg,test
459,459.jpg,test
80,80.jpg,test
2021,2002.jpg,test
1347,1328.jpg,test
3,3.jpg,test
2192,2173.jpg,test
668,662.jpg,test
1551,1532.jpg,test
2248,2229.jpg,test
2334,2315.jpg,test
2225,2206.jpg,test
1242,1223.jpg,test
436,436.jpg,test
2099,2080.jpg,test
741,732.jpg,test
2070,2051.jpg,test
1098,1079.jpg,test
14,14.jpg,test
1878,1859.jpg,test
653,648.jpg,test
1800,1781.jpg,test
1222,1203.jpg,test
2352,2333.jpg,test
2325,2306.jpg,test
1112,1093.jpg,test
2219,2200.jpg,test
470,470.jpg,test
48,48.jpg,test
1049,1030.jpg,test
2187,2168.jpg,test
1937,1918.jpg,test
1583,1564.jpg,test
1596,1577.jpg,test
261,261.jpg,test
1749,1730.jpg,test
662,656.jpg,test
631,627.jpg,test
450,450.jpg,test
193,193.jpg,test
373,373.jpg,test
2041,2022.jpg,test
2107,2088.jpg,test
570,567.jpg,test
916,899.jpg,test
1502,1483.jpg,test
1655,1636.jpg,test
1774,1755.jpg,test
1096,1077.jpg,test
2227,2208.jpg,test
1030,1011.jpg,test
2347,2328.jpg,test
1104,1085.jpg,test
590,586.jpg,test
1899,1880.jpg,test
1640,1621.jpg,test
2064,2045.jpg,test
887,871.jpg,test
1308,1289.jpg,test
881,865.jpg,test
272,272.jpg,test
1116,1097.jpg,test
1663,1644.jpg,test
1312,1293.jpg,test
132,132.jpg,test
957,939.jpg,test
230,230.jpg,test
1348,1329.jpg,test
917,900.jpg,test
1125,1106.jpg,test
1574,1555.jpg,test
1913,1894.jpg,test
676,670.jpg,test
1022,1003.jpg,test
2207,2188.jpg,test
708,701.jpg,test
293,293.jpg,test
1113,1094.jpg,test
874,859.jpg,test
1475,1456.jpg,test
1536,1517.jpg,test
673,667.jpg,test
1514,1495.jpg,test
1877,1858.jpg,test
2324,2305.jpg,test
2335,2316.jpg,test
414,414.jpg,test
972,954.jpg,test
327,327.jpg,test
1205,1186.jpg,test
952,934.jpg,test
188,188.jpg,test
285,285.jpg,test
799,788.jpg,test
1501,1482.jpg,test
1220,1201.jpg,test
2281,2262.jpg,test
323,323.jpg,test
1570,1551.jpg,test
512,512.jpg,test
2216,2197.jpg,test
1901,1882.jpg,test
178,178.jpg,test
1103,1084.jpg,test
1428,1409.jpg,test
1490,1471.jpg,test
397,397.jpg,test
1576,1557.jpg,test
380,380.jpg,test
419,419.jpg,test
1398,1379.jpg,test
898,882.jpg,test
641,637.jpg,test
1158,1139.jpg,test
1413,1394.jpg,test
1751,1732.jpg,test
660,654.jpg,test
27,27.jpg,test
1159,1140.jpg,test
1859,1840.jpg,test
920,903.jpg,test
1738,1719.jpg,test
2252,2233.jpg,test
828,815.jpg,test
2318,2299.jpg,test
109,109.jpg,test
2089,2070.jpg,test
971,953.jpg,test
913,896.jpg,test
384,384.jpg,test
123,123.jpg,test
131,131.jpg,test
1748,1729.jpg,test
357,357.jpg,test
2253,2234.jpg,test
420,420.jpg,test
575,572.jpg,test
932,915.jpg,test
1023,1004.jpg,test
1146,1127.jpg,test
103,103.jpg,test
457,457.jpg,test
